COUNTRY,YEAR_x,GDP,GDP_PER_CAP,Q_OF_LIFE,TAX,PRICE_TO_INCOME_RATIO,POLLUTION,CRIME,Healthy life expectancy,Freedom to make life choices,Generosity
Argentina,2017,643629000000.0,14613.0,"139,6",progressive,"12,1","53,3","62,6",0.695137083530426,0.494519203901291,0.109457060694695
Australia,2017,1326880000000.0,53934.0,"176,5",progressive,"9,2","24,6","42,4",0.84388679265976,0.601607382297516,0.477699249982834
Austria,2017,417261000000.0,47429.0,"190,4",progressive,"9,7","21,9","19,2",0.815328419208527,0.567766189575195,0.316472321748734
Belarus,2017,54726595249.0,5786.0,"119,2",proportional,"18,7","39,6","22,3",0.637714266777039,0.295400261878967,0.15513750910759
Belgium,2017,502765000000.0,44198.0,"160,5",progressive,7,"48,9","44,5",0.818091869354248,0.539770722389221,0.231503337621689
Bosnia,2017,18079076427.0,5394.0,"139,1",proportional,"11,3","60,7",41,0.705186307430267,0.204403176903725,0.328867495059967
Brazil,2017,2063510000000.0,9929.0,"96,2",progressive,17,"61,2","70,6",0.616552352905273,0.437453746795654,0.16234989464283
Bulgaria,2017,59199447421.0,8366.0,"138,2",proportional,"9,1","63,1","40,2",0.708217680454254,0.289231717586517,0.113177694380283
Canada,2017,1649270000000.0,45129.0,"167,2",progressive,"6,4","26,5","39,2",0.83455765247345,0.611100912094116,0.435539722442627
Chile,2017,276365000000.0,14963.0,"136,2",progressive,"10,7","67,7","47,5",0.819479703903198,0.376895278692245,0.326662421226501
China,2017,12310400000000.0,8817.0,91,progressive,"23,3",89,"33,9",0.943062424659729,0.490968644618988,0.374465793371201
China,2017,12310400000000.0,8817.0,91,progressive,"23,3",89,"33,9",0.741415500640869,0.472787708044052,0.0288068410009146
Croatia,2017,56214427431.0,13629.0,"170,6",progressive,"10,9","33,3","27,8",0.701288521289825,0.255772292613983,0.248002976179123
Cyprus,2017,22870833710.0,26609.0,"166,6",progressive,"5,2","54,8","32,5",0.84471470117569,0.355111539363861,0.271254301071167
Czech Republic,2017,218629000000.0,20636.0,"165,4",proportional,"10,7",41,"30,2",0.754444003105164,0.490946173667908,0.0881067588925362
Denmark,2017,332121000000.0,57610.0,"184,9",progressive,"8,2",26,"21,1",0.792565524578094,0.626006722450256,0.355280488729477
Egypt,2017,235734000000.0,2444.0,"91,8",progressive,"10,7","88,9","52,9",0.520187258720398,0.282110154628754,0.128631442785263
Estonia,2017,26924385103.0,20438.0,"171,1",proportional,"10,5","17,7",23,0.695168316364288,0.479131430387497,0.0988908112049103
Finland,2017,255648000000.0,46412.0,"182,9",progressive,"7,6","13,4","24,6",0.80915766954422,0.617950856685638,0.24548277258873
France,2017,2595150000000.0,38781.0,"160,3",progressive,"11,6","40,2","43,7",0.844465851783752,0.470222115516663,0.129762306809425
Germany,2017,3690850000000.0,44653.0,"189,7",progressive,"7,5","27,1",32,0.798950731754303,0.562511384487152,0.336269170045853
Greece,2017,199844000000.0,18582.0,"148,3",progressive,"8,3",52,"40,3",0.810198903083801,0.0957312509417534,0.0
Hong Kong,2017,341273000000.0,46160.0,"94,5",proportional,"36,1","69,9","20,7",,,
Hungary,2017,143136000000.0,14624.0,"138,8",progressive,"11,2",44,"38,4",0.687763452529907,0.175863519310951,0.0784016624093056
India,2017,2651470000000.0,1981.0,"101,5",progressive,"10,3","76,5",44,0.455427616834641,0.469987004995346,0.231538489460945
Indonesia,2017,1015620000000.0,3838.0,62,progressive,21,"76,4","49,7",0.492345720529556,0.443323463201523,0.611704587936401
Iran,2017,486630000000.0,6032.0,"97,2",proportional,"13,5","82,5","50,9",0.639333188533783,0.249322608113289,0.387242913246155
Ireland,2017,335431000000.0,69774.0,"166,9",progressive,7,"27,2","45,8",0.80978262424469,0.573110342025757,0.42785832285881
Israel,2017,355277000000.0,40774.0,"157,9",progressive,"10,9","61,7",29,0.83840399980545,0.405988603830338,0.330082654953003
Italy,2017,1961800000000.0,32407.0,"142,5",progressive,"12,4","61,7","44,7",0.853144347667694,0.256450712680817,0.17278964817524
Japan,2017,4930840000000.0,38834.0,"147,5",progressive,"12,7",41,"20,9",0.913475871086121,0.505625545978546,0.12057276815176
Jordan,2017,41408960845.0,4232.0,"117,5",progressive,8,"85,7","43,1",0.604590058326721,0.418421149253845,0.172170460224152
Lebanon,2017,53027680686.0,7776.0,"106,2",progressive,"13,9","85,1","49,2",0.735081076622009,0.288515985012054,0.264450758695602
Lithuania,2017,47758736932.0,16885.0,"130,3",proportional,"14,2","34,3",40,0.62894994020462,0.234231784939766,0.010164656676352
Malaysia,2017,319112000000.0,10259.0,"51,6",progressive,"9,5","67,1","64,8",0.618784427642822,0.402264982461929,0.416608929634094
Mexico,2017,1158910000000.0,9288.0,"129,1",progressive,"6,9","66,7","50,3",0.709978997707367,0.412730008363724,0.120990432798862
Netherlands,2017,833870000000.0,48675.0,"175,2",progressive,"8,5","27,6","29,9",0.810696125030518,0.585384488105774,0.470489829778671
New Zealand,2017,206624000000.0,42925.0,"184,7",progressive,"8,1",20,"38,8",0.816759705543518,0.614062130451202,0.500005125999451
North Macedonia,2017,11307058382.0,5450.0,"116,4",progressive,"14,7","83,4","38,7",,,
Norway,2017,398394000000.0,75497.0,"165,9",progressive,"7,9","19,5","45,7",0.796666502952576,0.635422587394714,0.36201223731041
Philippines,2017,328481000000.0,3123.0,"56,9",proportional,"16,9","70,2","39,8",0.468009054660797,0.585214674472809,0.193513423204422
Poland,2017,526509000000.0,13865.0,"150,2",progressive,"10,1","50,3","31,5",0.699475347995758,0.520342111587524,0.158465966582298
Portugal,2017,221358000000.0,21490.0,"178,4",progressive,"8,9","28,9","35,4",0.795843541622162,0.498465299606323,0.0951027125120163
Qatar,2017,161099000000.0,59125.0,"132,4",proportional,"6,2","73,3","15,7",0.710098087787628,0.604130983352661,0.330473870038986
Romania,2017,211695000000.0,10807.0,143,progressive,"10,8","50,9","27,9",0.685158312320709,0.457003742456436,0.133519917726517
Russia,2017,1574200000000.0,10720.0,"85,9",proportional,"13,5",63,"46,1",0.547349333763123,0.373783111572266,0.0522638224065304
Saudi Arabia,2017,688586000000.0,20802.0,"146,4",proportional,"2,8","74,2","23,6",0.590148329734802,0.449750572443008,0.147616013884544
Serbia,2017,44179055280.0,6293.0,"133,4",progressive,"17,9","55,3","38,6",0.65078467130661,0.208715528249741,0.220125883817673
Slovak Republic,2017,95393515078.0,17538.0,"152,5",proportional,"9,9","43,5","30,2",,,
Slovenia,2017,48589100043.0,23514.0,"175,5",progressive,"8,3","26,4","24,1",0.790828227996826,0.572575807571411,0.242649093270302
South Africa,2017,381449000000.0,6691.0,"144,7",progressive,"3,6","63,6","75,7",0.187080070376396,0.479246735572815,0.139362379908562
South Korea,2017,1623900000000.0,31617.0,"162,5",progressive,"12,4","52,7","25,3",0.900214076042175,0.257921665906906,0.206674367189407
Spain,2017,1312540000000.0,28170.0,"183,6",progressive,"8,3","37,5","31,3",0.888960599899292,0.408781230449677,0.190133571624756
Sri Lanka,2017,87428128124.0,4077.0,89,progressive,"17,5","61,9","34,6",0.625130832195282,0.561213254928589,0.490863561630249
Sweden,2017,541019000000.0,53792.0,"172,7",progressive,"11,8","17,9","46,6",0.830875158309937,0.612924098968506,0.385399252176285
Switzerland,2017,704479000000.0,83352.0,"173,5",progressive,14,"20,8","22,4",0.858131289482117,0.620070576667786,0.290549278259277
Thailand,2017,456357000000.0,6594.0,"57,2",progressive,"24,4","73,2","49,8",0.647239029407501,0.580200731754303,0.572123110294342
Turkey,2017,858996000000.0,10590.0,"129,6",progressive,"8,9","70,5","41,1",0.637605607509613,0.300740599632263,0.0466930419206619
UAE,2017,385606000000.0,40645.0,"139,3",proportional,"5,6","58,5","20,7",,,
Ukraine,2017,112091000000.0,2638.0,"87,5",proportional,"22,9","67,3","51,3",0.575903952121735,0.122974775731564,0.270061463117599
United Kingdom,2017,2699020000000.0,40858.0,"172,9",progressive,10,"34,9","41,2",0.805335938930511,0.508190035820007,0.492774158716202
United States,2017,19479600000000.0,59915.0,"179,7",progressive,"3,3","31,2","48,8",0.77428662776947,0.505740523338318,0.392578780651093
Vietnam,2017,281353000000.0,2974.0,"36,1",progressive,"26,8","88,1",53,0.652168989181519,0.571055591106415,0.234968051314354
Argentina,2018,524820000000.0,11795.0,"131,8",progressive,"10,7","53,6","61,8",0.695137083530426,0.494519203901291,0.109457060694695
Australia,2018,1428530000000.0,57181.0,"188,7",progressive,"7,4","24,8","42,5",0.84388679265976,0.601607382297516,0.477699249982834
Austria,2018,455168000000.0,51487.0,"190,2",progressive,"9,6","22,9","20,4",0.815328419208527,0.567766189575195,0.316472321748734
Belgium,2018,543347000000.0,47549.0,164,progressive,"7,1","48,9","42,2",0.818091869354248,0.539770722389221,0.231503337621689
Bosnia,2018,20177422311.0,6070.0,"129,3",proportional,,"61,6","40,1",0.705186307430267,0.204403176903725,0.328867495059967
Brazil,2018,1916930000000.0,9151.0,"100,1",progressive,"16,3","59,5","70,6",0.616552352905273,0.437453746795654,0.16234989464283
Bulgaria,2018,66363422450.0,9447.0,"129,7",proportional,"8,6",63,"39,7",0.708217680454254,0.289231717586517,0.113177694380283
Canada,2018,1725330000000.0,46549.0,"173,9",progressive,"6,1","27,7","39,3",0.83455765247345,0.611100912094116,0.435539722442627
Chile,2018,295403000000.0,15772.0,"122,7",progressive,"13,1","66,8","46,5",0.819479703903198,0.376895278692245,0.326662421226501
China,2018,13894800000000.0,9905.0,"99,4",progressive,"28,2","85,9","39,4",0.943062424659729,0.490968644618988,0.374465793371201
China,2018,13894800000000.0,9905.0,"99,4",progressive,"28,2","85,9","39,4",0.741415500640869,0.472787708044052,0.0288068410009146
Colombia,2018,334198000000.0,6730.0,"112,1",progressive,"18,1","62,5","50,7",0.595027923583984,0.477487415075302,0.149014472961426
Croatia,2018,62247874949.0,15228.0,"162,4",progressive,"11,1","32,7",27,0.701288521289825,0.255772292613983,0.248002976179123
Czech Republic,2018,248950000000.0,23420.0,162,proportional,"12,7",41,"28,8",0.754444003105164,0.490946173667908,0.0881067588925362
Denmark,2018,356841000000.0,61592.0,"197,7",progressive,"7,2","23,6",22,0.792565524578094,0.626006722450256,0.355280488729477
Egypt,2018,249713000000.0,2537.0,"84,4",progressive,"12,7","87,6","53,7",0.520187258720398,0.282110154628754,0.128631442785263
Estonia,2018,30489500905.0,23064.0,"176,4",proportional,"9,2","17,2","20,8",0.695168316364288,0.479131430387497,0.0988908112049103
Finland,2018,275715000000.0,49989.0,"195,3",progressive,"7,5","12,1",,0.80915766954422,0.617950856685638,0.24548277258873
France,2018,2790960000000.0,41593.0,"166,2",progressive,"9,9","40,4","45,3",0.844465851783752,0.470222115516663,0.129762306809425
Germany,2018,3977290000000.0,47974.0,190,progressive,8,"27,3","36,7",0.798950731754303,0.562511384487152,0.336269170045853
Greece,2018,212049000000.0,19757.0,"137,4",progressive,"9,5","52,8","39,1",0.810198903083801,0.0957312509417534,0.0
Hong Kong,2018,361731000000.0,48538.0,"110,3",proportional,"41,1","69,4","20,9",,,
Hungary,2018,160587000000.0,16427.0,"132,3",progressive,"13,3","46,6","36,5",0.687763452529907,0.175863519310951,0.0784016624093056
India,2018,2702930000000.0,1998.0,"122,1",progressive,"9,7","75,9","44,2",0.455427616834641,0.469987004995346,0.231538489460945
Indonesia,2018,1042270000000.0,3894.0,"112,9",progressive,"13,1","60,7","44,7",0.492345720529556,0.443323463201523,0.611704587936401
Iran,2018,330992000000.0,4046.0,"92,4",proportional,"12,5","81,2","49,4",0.639333188533783,0.249322608113289,0.387242913246155
Ireland,2018,385042000000.0,79108.0,"163,5",progressive,"7,6","28,7","43,8",0.80978262424469,0.573110342025757,0.42785832285881
Israel,2018,373641000000.0,42063.0,"152,2",progressive,"13,9","60,3","36,9",0.83840399980545,0.405988603830338,0.330082654953003
Italy,2018,2091930000000.0,34622.0,"146,1",progressive,"9,9","53,1","44,5",0.853144347667694,0.256450712680817,0.17278964817524
Japan,2018,5037840000000.0,39727.0,176,progressive,"12,6","41,7","13,1",0.913475871086121,0.505625545978546,0.12057276815176
Lithuania,2018,53750911866.0,19186.0,149,proportional,13,"33,1","37,6",0.62894994020462,0.234231784939766,0.010164656676352
Malaysia,2018,358792000000.0,11380.0,116,progressive,"9,6","66,5","63,1",0.618784427642822,0.402264982461929,0.416608929634094
Mexico,2018,1222410000000.0,9687.0,"126,4",progressive,"7,8","66,1","51,1",0.709978997707367,0.412730008363724,0.120990432798862
Netherlands,2018,914043000000.0,53045.0,"191,3",progressive,"6,7","27,2","28,9",0.810696125030518,0.585384488105774,0.470489829778671
New Zealand,2018,211953000000.0,43250.0,"182,4",progressive,"8,2","21,8","39,2",0.816759705543518,0.614062130451202,0.500005125999451
Norway,2018,437000000000.0,82268.0,"176,3",progressive,"8,7","20,2","43,3",0.796666502952576,0.635422587394714,0.36201223731041
Pakistan,2018,356128000000.0,1678.0,"100,3",progressive,"12,5","77,5","51,2",0.402047783136368,0.23521526157856,0.315446019172668
Philippines,2018,346842000000.0,3252.0,"99,1",progressive,"17,8","72,5","40,1",0.468009054660797,0.585214674472809,0.193513423204422
Poland,2018,587412000000.0,15468.0,"146,6",progressive,"9,8","51,1","36,2",0.699475347995758,0.520342111587524,0.158465966582298
Portugal,2018,242313000000.0,23563.0,"166,7",progressive,10,"30,5","34,5",0.795843541622162,0.498465299606323,0.0951027125120163
Qatar,2018,183335000000.0,65908.0,"159,6",proportional,,"70,2","15,7",0.710098087787628,0.604130983352661,0.330473870038986
Romania,2018,241457000000.0,12399.0,144,progressive,"9,1",53,29,0.685158312320709,0.457003742456436,0.133519917726517
Russia,2018,1657330000000.0,11287.0,"103,3",proportional,"11,4","63,3","45,2",0.547349333763123,0.373783111572266,0.0522638224065304
Saudi Arabia,2018,816579000000.0,24229.0,"149,6",progressive,"2,8","71,7","36,7",0.590148329734802,0.449750572443008,0.147616013884544
Serbia,2018,50640650221.0,7252.0,"123,5",progressive,"17,2","56,6","37,8",0.65078467130661,0.208715528249741,0.220125883817673
Slovak Republic,2018,105613000000.0,19390.0,"155,4",proportional,"9,9","40,7","30,2",,,
Slovenia,2018,54163591695.0,26117.0,"175,4",progressive,"8,4","26,2","24,7",0.790828227996826,0.572575807571411,0.242649093270302
South Africa,2018,404842000000.0,7005.0,"137,9",progressive,"3,5","62,2","75,7",0.187080070376396,0.479246735572815,0.139362379908562
South Korea,2018,1724850000000.0,33437.0,"155,4",progressive,14,"52,9","35,8",0.900214076042175,0.257921665906906,0.206674367189407
Spain,2018,1420990000000.0,30365.0,"174,9",progressive,8,"38,1","36,7",0.888960599899292,0.408781230449677,0.190133571624756
Sweden,2018,555455000000.0,54589.0,"176,8",progressive,"10,5","19,1","49,3",0.830875158309937,0.612924098968506,0.385399252176285
Switzerland,2018,735539000000.0,86388.0,"190,8",progressive,"10,9",23,"21,8",0.858131289482117,0.620070576667786,0.290549278259277
Thailand,2018,506755000000.0,7299.0,"101,2",progressive,"22,8","72,9","47,3",0.647239029407501,0.580200731754303,0.572123110294342
Turkey,2018,778472000000.0,9454.0,"127,6",progressive,"8,9","69,4","41,1",0.637605607509613,0.300740599632263,0.0466930419206619
UAE,2018,422215000000.0,43839.0,"163,5",proportional,"4,9","55,8","18,7",,,
Ukraine,2018,130891000000.0,3097.0,96,proportional,"18,2","67,2","49,4",0.575903952121735,0.122974775731564,0.270061463117599
United States,2018,20527200000000.0,62805.0,"180,6",progressive,"3,3","31,7","49,6",0.77428662776947,0.505740523338318,0.392578780651093
United Kingdom,2018,2900790000000.0,43647.0,"171,9",progressive,"9,3","37,7","41,2",0.805335938930511,0.508190035820007,0.492774158716202
Vietnam,2018,308702000000.0,3231.0,"81,1",progressive,"21,3","88,1","52,2",0.652168989181519,0.571055591106415,0.234968051314354
Argentina,2019,452818000000.0,10076.0,"122,5",progressive,19,"52,3","62,6",0.695137083530426,0.494519203901291,0.109457060694695
Australia,2019,1391950000000.0,54875.0,"191,1",progressive,"7,6",24,"42,8",0.84388679265976,0.601607382297516,0.477699249982834
Austria,2019,445012000000.0,50114.0,"191,1",progressive,"10,1",22,"21,4",0.815328419208527,0.567766189575195,0.316472321748734
Belarus,2019,64409647194.0,6838.0,"141,5",proportional,"14,3",36,"26,6",0.637714266777039,0.295400261878967,0.15513750910759
Belgium,2019,535376000000.0,46599.0,"162,1",progressive,"7,2","49,9","42,5",0.818091869354248,0.539770722389221,0.231503337621689
Bosnia,2019,20201323283.0,6120.0,"124,5",proportional,,"63,5","43,8",0.705186307430267,0.204403176903725,0.328867495059967
Brazil,2019,1873290000000.0,8876.0,"100,3",progressive,"18,7","57,7","70,2",0.616552352905273,0.437453746795654,0.16234989464283
Bulgaria,2019,68915416142.0,9879.0,"130,6",proportional,"8,7",64,40,0.708217680454254,0.289231717586517,0.113177694380283
Canada,2019,1742020000000.0,46329.0,"170,3",progressive,"7,7","27,8","39,5",0.83455765247345,0.611100912094116,0.435539722442627
Chile,2019,278585000000.0,14699.0,"124,1",progressive,"13,5","65,5","46,8",0.819479703903198,0.376895278692245,0.326662421226501
China,2019,14279900000000.0,10144.0,"97,9",progressive,"29,1","81,9","45,5",0.943062424659729,0.490968644618988,0.374465793371201
China,2019,14279900000000.0,10144.0,"97,9",progressive,"29,1","81,9","45,5",0.741415500640869,0.472787708044052,0.0288068410009146
Colombia,2019,323110000000.0,6419.0,"108,4",progressive,"18,8","61,7","51,3",0.595027923583984,0.477487415075302,0.149014472961426
Croatia,2019,62246206341.0,15312.0,"165,3",progressive,"11,6",31,"24,7",0.701288521289825,0.255772292613983,0.248002976179123
Cyprus,2019,25758357775.0,29206.0,"157,6",progressive,"7,2","53,8","29,3",0.84471470117569,0.355111539363861,0.271254301071167
Czech Republic,2019,252498000000.0,23660.0,"158,8",proportional,"15,2",41,"26,7",0.754444003105164,0.490946173667908,0.0881067588925362
Denmark,2019,347561000000.0,59776.0,"198,6",progressive,"6,9","22,1","24,2",0.792565524578094,0.626006722450256,0.355280488729477
Egypt,2019,303081000000.0,3019.0,84,progressive,"13,6","86,5","50,7",0.520187258720398,0.282110154628754,0.128631442785263
Estonia,2019,31045591753.0,23398.0,"180,9",proportional,"9,3","18,1","20,8",0.695168316364288,0.479131430387497,0.0988908112049103
Finland,2019,268508000000.0,48629.0,194,progressive,8,"11,9","22,8",0.80915766954422,0.617950856685638,0.24548277258873
France,2019,2728870000000.0,40579.0,"157,8",progressive,"12,9","42,7","46,4",0.844465851783752,0.470222115516663,0.129762306809425
Georgia,2019,17470436259.0,4696.0,"120,9",proportional,"12,7","72,7","20,8",0.649546980857849,0.309410035610199,0.0540088154375553
Germany,2019,3888330000000.0,46795.0,187,progressive,9,28,"34,5",0.798950731754303,0.562511384487152,0.336269170045853
Greece,2019,205144000000.0,19134.0,"137,8",progressive,"9,8","51,9","38,6",0.810198903083801,0.0957312509417534,0.0
Hong Kong,2019,363052000000.0,48356.0,"100,9",proportional,"49,4","66,4","19,3",,,
Hungary,2019,163526000000.0,16736.0,"134,5",progressive,"12,6","46,5","35,2",0.687763452529907,0.175863519310951,0.0784016624093056
Iceland,2019,24857740445.0,68941.0,"187,8",progressive,,"15,2","23,3",0.833552122116089,0.627162635326385,0.475540220737457
India,2019,2831550000000.0,2072.0,"117,5",progressive,"11,3","75,8","42,7",0.455427616834641,0.469987004995346,0.231538489460945
Indonesia,2019,1119100000000.0,4135.0,"107,2",progressive,"13,8","62,8",46,0.492345720529556,0.443323463201523,0.611704587936401
Iran,2019,291363000000.0,3514.0,87,proportional,"16,9","79,3",,0.639333188533783,0.249322608113289,0.387242913246155
Ireland,2019,399122000000.0,80887.0,"160,8",progressive,"7,9","31,1","44,5",0.80978262424469,0.573110342025757,0.42785832285881
Israel,2019,397935000000.0,43951.0,"153,8",progressive,14,"57,3","32,2",0.83840399980545,0.405988603830338,0.330082654953003
Italy,2019,2011290000000.0,33673.0,"145,7",progressive,10,"53,8",45,0.853144347667694,0.256450712680817,0.17278964817524
Japan,2019,5123320000000.0,40458.0,"180,5",progressive,"11,2","37,1",14,0.913475871086121,0.505625545978546,0.12057276815176
Jordan,2019,44502895915.0,4405.0,"112,9",progressive,"7,7","80,4","43,8",0.604590058326721,0.418421149253845,0.172170460224152
Latvia,2019,34308783825.0,17927.0,"149,2",proportional,"9,4",35,"36,8",0.638566970825195,0.325707912445068,0.153074786067009
Lebanon,2019,51605959131.0,7527.0,"111,2",progressive,"13,4","87,4","44,3",0.735081076622009,0.288515985012054,0.264450758695602
Lithuania,2019,54697379017.0,19576.0,"156,4",proportional,"11,1","30,8","36,5",0.62894994020462,0.234231784939766,0.010164656676352
Malaysia,2019,365276000000.0,11433.0,"122,1",progressive,"9,8","63,7",61,0.618784427642822,0.402264982461929,0.416608929634094
Mexico,2019,1269400000000.0,9950.0,"123,5",progressive,"10,2",66,"52,3",0.709978997707367,0.412730008363724,0.120990432798862
Netherlands,2019,910194000000.0,52476.0,"188,9",progressive,"7,4","27,4",29,0.810696125030518,0.585384488105774,0.470489829778671
New Zealand,2019,213435000000.0,42865.0,"185,6",progressive,"8,3","22,7","39,6",0.816759705543518,0.614062130451202,0.500005125999451
North Macedonia,2019,12606338449.0,6070.0,"110,6",progressive,"13,7","80,9","39,3",,,
Norway,2019,404941000000.0,75720.0,"181,9",progressive,"8,4","19,9","35,3",0.796666502952576,0.635422587394714,0.36201223731041
Pakistan,2019,320909000000.0,1482.0,"104,6",progressive,"14,1","75,9","46,7",0.402047783136368,0.23521526157856,0.315446019172668
Panama,2019,66984427200.0,15774.0,"113,1",progressive,"12,7",62,"46,4",0.706156134605408,0.550026834011078,0.21055693924427
Philippines,2019,376823000000.0,3485.0,"90,7",progressive,"21,8","74,5","40,8",0.468009054660797,0.585214674472809,0.193513423204422
Poland,2019,597281000000.0,15732.0,148,progressive,"10,3","52,4","30,1",0.699475347995758,0.520342111587524,0.158465966582298
Portugal,2019,239987000000.0,23331.0,"163,5",progressive,"12,7","31,6","32,1",0.795843541622162,0.498465299606323,0.0951027125120163
Qatar,2019,175838000000.0,62088.0,"167,8",proportional,"5,7","66,5","13,3",0.710098087787628,0.604130983352661,0.330473870038986
Romania,2019,249882000000.0,12899.0,"140,3",progressive,"10,2","55,4","27,8",0.685158312320709,0.457003742456436,0.133519917726517
Russia,2019,1693110000000.0,11536.0,"104,9",proportional,"12,4","62,8","41,9",0.547349333763123,0.373783111572266,0.0522638224065304
Saudi Arabia,2019,803616000000.0,23451.0,"152,7",progressive,"2,9","67,3","29,7",0.590148329734802,0.449750572443008,0.147616013884544
Serbia,2019,51514222382.0,7417.0,"119,8",progressive,"18,6","58,9","37,3",0.65078467130661,0.208715528249741,0.220125883817673
Singapore,2019,375473000000.0,65831.0,"156,9",progressive,"21,6","32,3","21,5",0.949492394924164,0.549840569496155,0.345965981483459
Slovak Republic,2019,105284000000.0,19304.0,"153,1",proportional,"10,3","41,9","29,5",,,
Slovenia,2019,54178877606.0,25943.0,176,progressive,"10,2","24,3","22,6",0.790828227996826,0.572575807571411,0.242649093270302
South Africa,2019,387935000000.0,6625.0,"135,3",progressive,"4,1","56,9","76,8",0.187080070376396,0.479246735572815,0.139362379908562
South Korea,2019,1651420000000.0,31902.0,"149,5",progressive,"17,6","54,2",34,0.900214076042175,0.257921665906906,0.206674367189407
Spain,2019,1393050000000.0,29554.0,"174,2",progressive,"9,2","39,4","32,5",0.888960599899292,0.408781230449677,0.190133571624756
Sri Lanka,2019,83902574443.0,3848.0,"95,3",progressive,"26,3","57,7",41,0.625130832195282,0.561213254928589,0.490863561630249
Sweden,2019,533880000000.0,51939.0,"178,7",progressive,"10,3",18,"49,3",0.830875158309937,0.612924098968506,0.385399252176285
Switzerland,2019,731767000000.0,85335.0,"195,9",progressive,"9,6",22,"21,5",0.858131289482117,0.620070576667786,0.290549278259277
Thailand,2019,544081000000.0,7814.0,"103,3",progressive,"21,9","72,2","46,7",0.647239029407501,0.580200731754303,0.572123110294342
Turkey,2019,761004000000.0,9122.0,"125,5",progressive,"9,3","69,2","40,4",0.637605607509613,0.300740599632263,0.0466930419206619
UAE,2019,417216000000.0,42701.0,"167,8",proportional,"4,4","53,1","16,3",,,
Ukraine,2019,153883000000.0,3661.0,"102,3",proportional,"14,3","66,6","48,9",0.575903952121735,0.122974775731564,0.270061463117599
United Kingdom,2019,2878670000000.0,43070.0,"170,8",progressive,"9,2","39,4","42,7",0.805335938930511,0.508190035820007,0.492774158716202
United States,2019,21372600000000.0,65095.0,"179,2",progressive,"3,6","33,9","47,1",0.77428662776947,0.505740523338318,0.392578780651093
Vietnam,2019,330391000000.0,3425.0,"88,8",progressive,"19,7","87,1","48,8",0.652168989181519,0.571055591106415,0.234968051314354
Argentina,2020,389591000000.0,8586.0,"115,3",progressive,"24,5","50,7","61,8",0.695137083530426,0.494519203901291,0.109457060694695
Australia,2020,1327840000000.0,51680.0,"186,2",progressive,"7,5","23,5","41,4",0.84388679265976,0.601607382297516,0.477699249982834
Austria,2020,433258000000.0,48589.0,"182,5",progressive,"10,9","22,2","23,7",0.815328419208527,0.567766189575195,0.316472321748734
Bangladesh,2020,373902000000.0,2270.0,70,progressive,"13,1","86,2","63,9",0.533241033554077,0.478356659412384,0.172255352139473
Belarus,2020,61489588895.0,6555.0,134,proportional,"14,6","43,6",25,0.637714266777039,0.295400261878967,0.15513750910759
Belgium,2020,521677000000.0,45189.0,"153,5",progressive,"6,9","52,9",44,0.818091869354248,0.539770722389221,0.231503337621689
Bosnia,2020,19955120005.0,6082.0,"121,9",proportional,"12,6","62,3",43,0.705186307430267,0.204403176903725,0.328867495059967
Brazil,2020,1448570000000.0,6815.0,"105,6",progressive,"16,4",55,69,0.616552352905273,0.437453746795654,0.16234989464283
Bulgaria,2020,69889347433.0,10079.0,"129,8",proportional,"8,5","65,3","38,5",0.708217680454254,0.289231717586517,0.113177694380283
Canada,2020,1645420000000.0,43258.0,"163,5",progressive,8,"27,8","39,7",0.83455765247345,0.611100912094116,0.435539722442627
Chile,2020,252727000000.0,13221.0,"119,8",progressive,"14,9","65,8","45,2",0.819479703903198,0.376895278692245,0.326662421226501
China,2020,14687700000000.0,10409.0,"102,8",progressive,"29,1","80,8",32,0.943062424659729,0.490968644618988,0.374465793371201
China,2020,14687700000000.0,10409.0,"102,8",progressive,"29,1","80,8",32,0.741415500640869,0.472787708044052,0.0288068410009146
Colombia,2020,270300000000.0,5312.0,"105,8",progressive,"19,7","62,8",55,0.595027923583984,0.477487415075302,0.149014472961426
Croatia,2020,57203783203.0,14132.0,159,progressive,"13,7","30,5","24,7",0.701288521289825,0.255772292613983,0.248002976179123
Cyprus,2020,24692095945.0,27682.0,"147,9",progressive,"8,2","53,6",30,0.84471470117569,0.355111539363861,0.271254301071167
Czech Republic,2020,245339000000.0,22933.0,"156,2",proportional,"15,4","40,2","25,5",0.754444003105164,0.490946173667908,0.0881067588925362
Denmark,2020,356085000000.0,61063.0,"192,7",progressive,"7,5","21,3","25,1",0.792565524578094,0.626006722450256,0.355280488729477
Ecuador,2020,99291124000.0,5628.0,"125,1",progressive,"12,7",57,"50,9",0.685636222362518,0.4551981985569,0.150112465023994
Egypt,2020,365253000000.0,3569.0,"86,5",progressive,13,"85,6","46,9",0.520187258720398,0.282110154628754,0.128631442785263
Estonia,2020,30650285472.0,23054.0,"177,8",proportional,"9,1","19,8","23,1",0.695168316364288,0.479131430387497,0.0988908112049103
Finland,2020,271837000000.0,49161.0,"190,2",progressive,"8,3","11,5","23,3",0.80915766954422,0.617950856685638,0.24548277258873
France,2020,2630320000000.0,39037.0,"153,9",progressive,13,"43,6","46,8",0.844465851783752,0.470222115516663,0.129762306809425
Georgia,2020,15842922533.0,4256.0,"115,9",proportional,"14,2","71,1","20,2",0.649546980857849,0.309410035610199,0.0540088154375553
Germany,2020,3846410000000.0,46253.0,"179,8",progressive,"9,4",29,"34,8",0.798950731754303,0.562511384487152,0.336269170045853
Greece,2020,188835000000.0,17647.0,"133,1",progressive,"10,6","52,5","40,3",0.810198903083801,0.0957312509417534,0.0
Hong Kong,2020,344881000000.0,46101.0,"99,1",proportional,"47,5","67,7","20,7",,,
Hungary,2020,156743000000.0,16076.0,"128,2",progressive,"14,8","48,3","35,1",0.687763452529907,0.175863519310951,0.0784016624093056
Iceland,2020,21718075725.0,59264.0,"181,7",progressive,,"16,2","23,4",0.833552122116089,0.627162635326385,0.475540220737457
India,2020,2667690000000.0,1933.0,"108,6",progressive,"11,4","78,9","43,3",0.455427616834641,0.469987004995346,0.231538489460945
Indonesia,2020,1058690000000.0,3871.0,"97,5",progressive,"18,9","66,6","45,8",0.492345720529556,0.443323463201523,0.611704587936401
Iran,2020,231548000000.0,2757.0,"74,1",proportional,"25,1","77,4","49,3",0.639333188533783,0.249322608113289,0.387242913246155
Ireland,2020,425889000000.0,85423.0,"153,5",progressive,"7,5",34,"45,4",0.80978262424469,0.573110342025757,0.42785832285881
Israel,2020,407101000000.0,44178.0,"149,9",progressive,"12,8","57,2","29,6",0.83840399980545,0.405988603830338,0.330082654953003
Italy,2020,1892570000000.0,31835.0,"140,8",progressive,"9,7","55,6",44,0.853144347667694,0.256450712680817,0.17278964817524
Japan,2020,5040110000000.0,39918.0,168,progressive,13,"39,6","20,7",0.913475871086121,0.505625545978546,0.12057276815176
Jordan,2020,43697659296.0,4283.0,"112,4",progressive,"8,4","77,8",41,0.604590058326721,0.418421149253845,0.172170460224152
Kenya,2020,100667000000.0,1872.0,"70,6",progressive,"31,6","76,6","61,7",0.309988349676132,0.452763766050339,0.444860309362411
Kuwait,2020,105960000000.0,24812.0,"118,8",proportional,"13,2","68,7","34,8",0.632105708122253,0.496337592601776,0.228289797902107
Latvia,2020,33645460617.0,17704.0,150,proportional,"8,8","33,7",37,0.638566970825195,0.325707912445068,0.153074786067009
Lebanon,2020,25948915861.0,3802.0,"106,6",progressive,"13,2","88,4","43,4",0.735081076622009,0.288515985012054,0.264450758695602
Lithuania,2020,56546957475.0,20232.0,"159,4",proportional,"10,9","28,8",33,0.62894994020462,0.234231784939766,0.010164656676352
Malaysia,2020,337006000000.0,10412.0,"118,4",progressive,"9,9","63,2","58,8",0.618784427642822,0.402264982461929,0.416608929634094
Mexico,2020,1087120000000.0,8432.0,"118,5",progressive,"10,7","66,1",54,0.709978997707367,0.412730008363724,0.120990432798862
Morocco,2020,114725000000.0,3059.0,"105,5",progressive,"14,2","68,2","48,9",0.59771066904068,0.408158332109451,0.0322099551558495
Netherlands,2020,913865000000.0,52396.0,"183,7",progressive,"7,5","27,4","27,6",0.810696125030518,0.585384488105774,0.470489829778671
New Zealand,2020,211735000000.0,41597.0,181,progressive,"8,5","23,4","40,9",0.816759705543518,0.614062130451202,0.500005125999451
Nigeria,2020,432294000000.0,2097.0,"55,7",progressive,,"87,6","63,8",0.0569157302379608,0.394952565431595,0.230947196483612
North Macedonia,2020,12116981815.0,5846.0,"110,5",progressive,"12,6","80,2","38,7",,,
Norway,2020,362198000000.0,67330.0,"175,2",progressive,"8,8","20,3","35,4",0.796666502952576,0.635422587394714,0.36201223731041
Oman,2020,73971391417.0,14485.0,"167,1",proportional,"9,1","37,7","20,8",,,
Pakistan,2020,300306000000.0,1360.0,"105,4",progressive,12,"74,3","44,1",0.402047783136368,0.23521526157856,0.315446019172668
Panama,2020,53977037000.0,12510.0,"108,4",progressive,"12,6","63,1","47,2",0.706156134605408,0.550026834011078,0.21055693924427
Peru,2020,201705000000.0,6117.0,"85,5",progressive,15,"84,1","68,2",0.630166113376617,0.450002878904343,0.126819714903831
Philippines,2020,361751000000.0,3301.0,"85,4",progressive,"24,6","74,3","42,2",0.468009054660797,0.585214674472809,0.193513423204422
Poland,2020,596624000000.0,15742.0,"141,8",progressive,"11,4","54,5","28,5",0.699475347995758,0.520342111587524,0.158465966582298
Portugal,2020,228539000000.0,22195.0,"162,9",progressive,"12,7","30,9","29,6",0.795843541622162,0.498465299606323,0.0951027125120163
Qatar,2020,144411000000.0,50124.0,"162,3",proportional,"5,8","61,1","11,9",0.710098087787628,0.604130983352661,0.330473870038986
Romania,2020,249511000000.0,12957.0,"132,4",progressive,"11,3","58,4","27,6",0.685158312320709,0.457003742456436,0.133519917726517
Russia,2020,1488320000000.0,10162.0,"102,3",proportional,"10,8","62,8","41,1",0.547349333763123,0.373783111572266,0.0522638224065304
Saudi Arabia,2020,703368000000.0,20204.0,"150,6",progressive,"2,8","65,1","26,2",0.590148329734802,0.449750572443008,0.147616013884544
Serbia,2020,53335016425.0,7731.0,"116,3",progressive,"18,9","60,3","37,4",0.65078467130661,0.208715528249741,0.220125883817673
Singapore,2020,345296000000.0,60729.0,"144,4",progressive,"22,3","33,5","30,6",0.949492394924164,0.549840569496155,0.345965981483459
Slovak Republic,2020,105173000000.0,19267.0,"152,5",proportional,"10,2","39,7","29,2",,,
Slovenia,2020,53589609581.0,25490.0,"172,2",progressive,"10,5","24,1","21,1",0.790828227996826,0.572575807571411,0.242649093270302
South Africa,2020,335442000000.0,5656.0,132,progressive,"3,9","57,3","77,5",0.187080070376396,0.479246735572815,0.139362379908562
South Korea,2020,1637900000000.0,31598.0,139,progressive,"17,4","62,5",28,0.900214076042175,0.257921665906906,0.206674367189407
Spain,2020,1281480000000.0,27056.0,"169,8",progressive,"9,4",40,32,0.888960599899292,0.408781230449677,0.190133571624756
Sri Lanka,2020,80969683537.0,3694.0,"85,2",progressive,"31,1","59,1","40,2",0.625130832195282,0.561213254928589,0.490863561630249
Sweden,2020,541487000000.0,52300.0,"175,9",progressive,"9,3","18,1","47,1",0.830875158309937,0.612924098968506,0.385399252176285
Switzerland,2020,752248000000.0,87100.0,192,progressive,"8,7","22,4","21,6",0.858131289482117,0.620070576667786,0.290549278259277
Thailand,2020,499682000000.0,7159.0,"101,9",progressive,"22,3",75,"40,5",0.647239029407501,0.580200731754303,0.572123110294342
Turkey,2020,719955000000.0,8536.0,"127,1",progressive,"7,8","67,4","39,5",0.637605607509613,0.300740599632263,0.0466930419206619
UAE,2020,358869000000.0,36285.0,"156,7",proportional,"5,3","51,2","15,7",,,
Ukraine,2020,156618000000.0,3752.0,"104,8",proportional,"12,2","65,1","48,9",0.575903952121735,0.122974775731564,0.270061463117599
United Kingdom,2020,2756900000000.0,41098.0,"162,7",progressive,"10,1","40,6","43,7",0.805335938930511,0.508190035820007,0.492774158716202
United States,2020,20893700000000.0,63028.0,"172,1",progressive,"3,5","36,9","47,2",0.77428662776947,0.505740523338318,0.392578780651093
Uruguay,2020,53560755047.0,15419.0,126,progressive,"16,3","44,8","53,8",0.719216823577881,0.57939225435257,0.175096929073334
Vietnam,2020,343243000000.0,3526.0,"87,5",progressive,"21,4","86,5","45,3",0.652168989181519,0.571055591106415,0.234968051314354
Argentina,2021,491493000000.0,10729.0,"110,5",progressive,"22,7","50,7","63,3",0.695137083530426,0.494519203901291,0.109457060694695
Australia,2021,1542660000000.0,59934.0,"181,5",progressive,"7,4","23,5","42,4",0.84388679265976,0.601607382297516,0.477699249982834
Austria,2021,477082000000.0,53268.0,"182,4",progressive,"10,4","19,2","25,2",0.815328419208527,0.567766189575195,0.316472321748734
Azerbaijan,2021,54622176471.0,5384.0,"102,9",proportional,"16,6","75,4","31,7",0.540775775909424,0.398155838251114,0.0452693402767181
Bangladesh,2021,416265000000.0,2503.0,"65,3",progressive,"14,4","84,9","64,2",0.533241033554077,0.478356659412384,0.172255352139473
Belarus,2021,68218816484.0,7304.0,"107,3",proportional,"16,8","44,5","60,3",0.637714266777039,0.295400261878967,0.15513750910759
Belgium,2021,599879000000.0,51768.0,"150,9",progressive,"6,9","50,3","44,2",0.818091869354248,0.539770722389221,0.231503337621689
Bosnia,2021,22571512867.0,6916.0,"125,7",proportional,"10,7","60,7",43,0.705186307430267,0.204403176903725,0.328867495059967
Brazil,2021,1608980000000.0,7519.0,"104,7",progressive,"16,1","54,5","67,8",0.616552352905273,0.437453746795654,0.16234989464283
Bulgaria,2021,80271119426.0,11635.0,"126,3",proportional,9,"64,5","38,1",0.708217680454254,0.289231717586517,0.113177694380283
Canada,2021,1990760000000.0,52051.0,160,progressive,"7,5","28,1","41,2",0.83455765247345,0.611100912094116,0.435539722442627
Chile,2021,317059000000.0,16503.0,"99,9",progressive,"17,6",79,"52,1",0.819479703903198,0.376895278692245,0.326662421226501
China,2021,17734100000000.0,12556.0,"103,1",progressive,29,"81,5","30,2",0.943062424659729,0.490968644618988,0.374465793371201
China,2021,17734100000000.0,12556.0,"103,1",progressive,29,"81,5","30,2",0.741415500640869,0.472787708044052,0.0288068410009146
Colombia,2021,314322000000.0,6131.0,"101,3",progressive,"18,7","62,9","55,8",0.595027923583984,0.477487415075302,0.149014472961426
Costa Rica,2021,64282438667.0,12509.0,"121,7",progressive,"10,1","44,1","55,3",0.759509265422821,0.580131649971008,0.214613229036331
Croatia,2021,67837788544.0,17399.0,"156,1",progressive,"14,2","30,6","24,9",0.701288521289825,0.255772292613983,0.248002976179123
Cyprus,2021,27719337670.0,30798.0,"144,1",progressive,"7,1","56,8",32,0.84471470117569,0.355111539363861,0.271254301071167
Czech Republic,2021,282341000000.0,26379.0,"156,3",proportional,"15,5","36,3","25,3",0.754444003105164,0.490946173667908,0.0881067588925362
Denmark,2021,397104000000.0,67803.0,190,progressive,"6,7","20,4","26,7",0.792565524578094,0.626006722450256,0.355280488729477
Ecuador,2021,106166000000.0,5935.0,"118,8",progressive,"12,6","58,3","54,4",0.685636222362518,0.4551981985569,0.150112465023994
Egypt,2021,404143000000.0,3876.0,"86,3",progressive,"13,6","84,3","46,8",0.520187258720398,0.282110154628754,0.128631442785263
Estonia,2021,36262924354.0,27281.0,"173,6",proportional,"9,1",19,"23,4",0.695168316364288,0.479131430387497,0.0988908112049103
Finland,2021,299155000000.0,53983.0,"182,8",progressive,"8,6","11,9",27,0.80915766954422,0.617950856685638,0.24548277258873
France,2021,2937470000000.0,43519.0,"150,7",progressive,"13,5","41,8","49,2",0.844465851783752,0.470222115516663,0.129762306809425
Georgia,2021,18700241392.0,5042.0,"118,9",proportional,"14,2","69,7","22,6",0.649546980857849,0.309410035610199,0.0540088154375553
Germany,2021,4223120000000.0,50802.0,"176,8",progressive,"9,1","27,5","35,4",0.798950731754303,0.562511384487152,0.336269170045853
Greece,2021,216241000000.0,20277.0,"129,9",progressive,"10,1","51,9","44,1",0.810198903083801,0.0957312509417534,0.0
Hong Kong,2021,368139000000.0,49661.0,"99,3",proportional,"45,2","67,3","21,7",,,
Hungary,2021,182281000000.0,18773.0,134,progressive,"11,6","47,8","34,8",0.687763452529907,0.175863519310951,0.0784016624093056
Iceland,2021,25458933916.0,68384.0,"179,1",progressive,"6,3","16,2","24,1",0.833552122116089,0.627162635326385,0.475540220737457
India,2021,3173400000000.0,2277.0,"104,5",progressive,"11,3","79,6","44,7",0.455427616834641,0.469987004995346,0.231538489460945
Indonesia,2021,1186090000000.0,4292.0,"90,1",progressive,22,"67,1","46,2",0.492345720529556,0.443323463201523,0.611704587936401
Iran,2021,,,"64,7",proportional,"34,2","76,1","49,2",0.639333188533783,0.249322608113289,0.387242913246155
Ireland,2021,498560000000.0,99152.0,"150,9",progressive,"7,4","33,6",45,0.80978262424469,0.573110342025757,0.42785832285881
Israel,2021,481591000000.0,51430.0,"144,1",progressive,"13,7","58,4","31,2",0.83840399980545,0.405988603830338,0.330082654953003
Italy,2021,2099880000000.0,35551.0,"138,6",progressive,"9,5","53,9","44,4",0.853144347667694,0.256450712680817,0.17278964817524
Japan,2021,4937420000000.0,39285.0,"162,3",progressive,13,"39,4",22,0.913475871086121,0.505625545978546,0.12057276815176
Jordan,2021,45243661972.0,4406.0,114,progressive,8,"76,1","40,7",0.604590058326721,0.418421149253845,0.172170460224152
Kenya,2021,110347000000.0,2007.0,"75,8",progressive,"27,3","75,9","61,4",0.309988349676132,0.452763766050339,0.444860309362411
Latvia,2021,38872546229.0,20642.0,"147,6",proportional,"8,5","33,9","37,2",0.638566970825195,0.325707912445068,0.153074786067009
Lebanon,2021,18076624840.0,2670.0,"94,5",progressive,"14,1","89,3",47,0.735081076622009,0.288515985012054,0.264450758695602
Lithuania,2021,65503849705.0,23433.0,160,proportional,11,27,"33,8",0.62894994020462,0.234231784939766,0.010164656676352
Malaysia,2021,372701000000.0,11371.0,"116,9",progressive,"9,9","62,6","57,9",0.618784427642822,0.402264982461929,0.416608929634094
Mexico,2021,1293040000000.0,9926.0,"120,3",progressive,"10,5","61,2",55,0.709978997707367,0.412730008363724,0.120990432798862
Morocco,2021,132725000000.0,3497.0,"104,4",progressive,"13,5","70,4","49,1",0.59771066904068,0.408158332109451,0.0322099551558495
Netherlands,2021,1018010000000.0,58061.0,"183,3",progressive,"7,4","25,3","27,2",0.810696125030518,0.585384488105774,0.470489829778671
New Zealand,2021,249992000000.0,48802.0,"175,8",progressive,"8,1","23,8","42,3",0.816759705543518,0.614062130451202,0.500005125999451
Nigeria,2021,440777000000.0,2085.0,52,progressive,,"87,3","63,9",0.0569157302379608,0.394952565431595,0.230947196483612
North Macedonia,2021,13879269152.0,6721.0,"108,5",progressive,"12,7",80,"38,6",,,
Norway,2021,482437000000.0,89203.0,"173,6",progressive,"8,5","18,1","33,4",0.796666502952576,0.635422587394714,0.36201223731041
Oman,2021,85868626528.0,16439.0,"172,1",proportional,"5,8","37,6","20,3",,,
Pakistan,2021,346343000000.0,1538.0,"105,1",progressive,"12,6","73,4","43,9",0.402047783136368,0.23521526157856,0.315446019172668
Panama,2021,63605065800.0,14516.0,"110,3",progressive,"12,3","59,8","45,8",0.706156134605408,0.550026834011078,0.21055693924427
Peru,2021,223249000000.0,6692.0,"83,3",progressive,"16,9","82,7","66,6",0.630166113376617,0.450002878904343,0.126819714903831
Philippines,2021,394086000000.0,3549.0,"78,4",progressive,"30,1","74,1","42,2",0.468009054660797,0.585214674472809,0.193513423204422
Poland,2021,674048000000.0,17841.0,"132,6",progressive,14,"54,3","29,3",0.699475347995758,0.520342111587524,0.158465966582298
Portugal,2021,249886000000.0,24262.0,"161,9",progressive,"12,7","29,6","29,9",0.795843541622162,0.498465299606323,0.0951027125120163
Puerto Rico,2021,,,"130,8",proportional,"3,6","50,4","63,4",,,
Qatar,2021,179571000000.0,61276.0,"154,6",proportional,6,"60,2","12,3",0.710098087787628,0.604130983352661,0.330473870038986
Russia,2021,1775800000000.0,12173.0,"101,7",proportional,"11,1","62,3","40,1",0.547349333763123,0.373783111572266,0.0522638224065304
Saudi Arabia,2021,833541000000.0,23586.0,"147,4",progressive,"2,6","64,1","25,9",0.590148329734802,0.449750572443008,0.147616013884544
Serbia,2021,63068134601.0,9215.0,"116,2",progressive,"17,1","61,2","38,3",0.65078467130661,0.208715528249741,0.220125883817673
Singapore,2021,396987000000.0,72794.0,"143,8",progressive,"19,4","33,2",33,0.949492394924164,0.549840569496155,0.345965981483459
Slovak Republic,2021,114871000000.0,21088.0,"149,7",proportional,"11,1","39,1","29,7",,,
Slovenia,2021,61526331889.0,29201.0,"168,2",progressive,"10,9","22,7","21,8",0.790828227996826,0.572575807571411,0.242649093270302
South Africa,2021,419946000000.0,6994.0,"132,2",progressive,4,57,"77,1",0.187080070376396,0.479246735572815,0.139362379908562
South Korea,2021,1798530000000.0,34758.0,130,progressive,"23,6","61,8","26,9",0.900214076042175,0.257921665906906,0.206674367189407
Spain,2021,1425280000000.0,30116.0,"164,5",progressive,"9,6","39,6","33,1",0.888960599899292,0.408781230449677,0.190133571624756
Sri Lanka,2021,84518830393.0,3815.0,"79,8",progressive,35,"59,9","41,2",0.625130832195282,0.561213254928589,0.490863561630249
Sweden,2021,627438000000.0,60239.0,"171,4",progressive,"8,6","18,4","47,2",0.830875158309937,0.612924098968506,0.385399252176285
Switzerland,2021,812867000000.0,93457.0,"190,8",progressive,"8,4","20,1","21,3",0.858131289482117,0.620070576667786,0.290549278259277
Thailand,2021,505982000000.0,7233.0,"100,3",progressive,"22,2","75,4","39,4",0.647239029407501,0.580200731754303,0.572123110294342
Turkey,2021,815272000000.0,9587.0,126,progressive,"8,2","66,2","39,5",0.637605607509613,0.300740599632263,0.0466930419206619
UAE,2021,,,156,proportional,"4,9","50,4","15,4",,,
Ukraine,2021,200086000000.0,4836.0,"107,4",proportional,"10,8","64,3","48,3",0.575903952121735,0.122974775731564,0.270061463117599
United Kingdom,2021,3186860000000.0,47334.0,159,progressive,"9,6","40,2","45,3",0.805335938930511,0.508190035820007,0.492774158716202
United States,2021,22996100000000.0,69288.0,167,progressive,4,"38,9","47,7",0.77428662776947,0.505740523338318,0.392578780651093
Uruguay,2021,59319547636.0,17021.0,"124,6",progressive,"17,3","45,7","51,2",0.719216823577881,0.57939225435257,0.175096929073334
Vietnam,2021,362638000000.0,3694.0,"88,4",progressive,"20,6","85,9","46,1",0.652168989181519,0.571055591106415,0.234968051314354
